test_id,success,mse_error,mae_error,max_error,optimization_iterations,optimization_function_calls,eye_metrics_sum,eye_metrics_avg,eye_metrics_min,eye_metrics_max,desired_stage 1 3.5G attenuation,desired_stage 2 3.5G attenuation,desired_stage 1 7G attenuation,desired_stage 2 7G attenuation,desired_stage 1 14G attenuation,desired_stage 2 14G attenuation,desired_stage 1 28G attenuation,desired_stage 2 28G attenuation,predicted_stage 1 3.5G attenuation,predicted_stage 2 3.5G attenuation,predicted_stage 1 7G attenuation,predicted_stage 2 7G attenuation,predicted_stage 1 14G attenuation,predicted_stage 2 14G attenuation,predicted_stage 1 28G attenuation,predicted_stage 2 28G attenuation,fW,current,ind,Rd,Cs,Rs,constant_channel 0.1G attenuation,constant_channel 3.5G attenuation,constant_channel 7G attenuation,constant_channel 14G attenuation,constant_channel 28G attenuation,constant_Stage 1 Region,constant_stage 1 0.1G attenuation,constant_stage 2 0.1G attenuation,constant_Hard Constraint of neg2 on 0.1G Status,failure_reason,test_type,predicted_eye_maxHeight Vout_1 7G,predicted_eye_maxWidth Vout_1 7G,predicted_eye_maxHeight Vout_2 7G,predicted_eye_maxWidth Vout_2 7G,predicted_eye_maxHeight Vout_1 14G,predicted_eye_maxWidth Vout_1 14G,predicted_eye_maxHeight Vout_2 14G,predicted_eye_maxWidth Vout_2 14G,predicted_eye_maxHeight Vout_1 28G,predicted_eye_maxWidth Vout_1 28G,predicted_eye_maxHeight Vout_2 28G,predicted_eye_maxWidth Vout_2 28G,predicted_eye_maxHeight Vout_1 56G,predicted_eye_maxWidth Vout_1 56G,predicted_eye_maxHeight Vout_2 56G,predicted_eye_maxWidth Vout_2 56G
1,True,490.43296426157457,19.204741173572636,35.55838357996013,0.0,7.0,-1.609421365505183,-0.10058883534407394,-0.6352120962525419,0.030119375404219894,-21.22714679623823,-7.731418800960533,-16.017201107004833,-19.47498952931825,-35.80933931771615,-35.8099871837696,-17.764543074507756,-2.5239178906847215,-0.4151028841757989,-0.14139646512091342,-0.4412518137590061,-0.20075661357555546,-0.4480809234987692,-0.2516036038094677,-0.47085967085423514,-0.35156233682522214,6.248413091410325e-06,0.0019235065908215184,3.3287564237603584e-12,1603.4607646347986,9.081174675796875e-13,315.7204958030851,-0.01968,-6.584,-9.09,-13.17,-18.87,0.0,-21.675,-24.605,0.0,,,,,,,,,,,,,,,,,,
2,True,338.83971396285006,17.326023261733162,24.726780117375323,2.0,455.0,-2.1837055913558583,-0.13648159945974114,-1.0203605093651804,0.5089748484269632,-22.950509550486913,-24.21307070995842,-10.977350942510398,-11.878048035142747,-21.647186227071852,-24.773478045838804,-8.544223498616422,-14.891406453289596,-0.2506479515620533,-0.03835467380997052,-0.27446888488466487,-0.05403486481879195,-0.26762955241189834,-0.046697928463479796,-0.26094004422242845,-0.07431346887658653,4.854644477117293e-07,0.0023859682222735195,3.0075146537448624e-09,749.7530665136616,6.394035950502055e-13,1292.232240089712,-0.01968,-6.584,-9.09,-13.17,-18.87,0.0,-21.675,-24.605,0.0,,,,,,,,,,,,,,,,,,
3,False,,,,,,,,,,-6.947274284741223,-22.190484493138776,-17.528895767455257,-29.907007310375736,-30.479567959742106,-18.152990497529856,-14.185557420777616,-10.210590407742407,,,,,,,,,,,,,,,,,,,,,,,,Inequality constraints incompatible,,,,,,,,,,,,,,,,,
4,True,568.7255613329128,22.165032405310647,35.67151766599513,0.0,7.0,0.18807661078021742,0.011754788173763589,-0.6071830262597979,0.7731069520012259,-17.025039429968764,-20.718685585739195,-33.75192840668087,-21.36773347317905,-35.889383692532626,-26.569727075697024,-14.030203334553455,-8.61726304258103,-0.15967856651970988,0.1641543040081687,-0.19095698053072074,0.11345876232859167,-0.21786602653749274,0.023779802024148457,-0.256114942088042,-0.1264811511317516,6.4123867224225175e-06,0.0008311495492384665,3.1742658983136317e-10,663.5511811652758,8.918387312834416e-13,1137.6479818514583,-0.01968,-6.584,-9.09,-13.17,-18.87,0.0,-21.675,-24.605,0.0,,,,,,,,,,,,,,,,,,
5,True,385.63035605777674,16.21035350970523,36.0590399609054,2.0,602.0,1.755824593588521,0.10973903709928257,-0.6719727394262338,1.0201523501925203,-8.275623343928128,-9.565158906052943,-19.838757207779523,-11.526221884820774,-31.489877137816737,-36.02450240902601,-2.649186831693118,-10.680399767073242,-0.10207830097685658,0.16753401712193391,-0.14234313798423925,0.13458960985388307,-0.167483470737495,0.03453755187938686,-0.20740895494025732,-0.08424672476502577,6.297201028028671e-06,0.0014363169186069464,1.0952629783426618e-09,381.5056585756577,6.944744006454591e-13,449.5260861187007,-0.01968,-6.584,-9.09,-13.17,-18.87,0.0,-21.675,-24.605,0.0,,,,,,,,,,,,,,,,,,
6,False,,,,,,,,,,-8.471709148167761,-14.957852462983533,-15.45398074643326,-31.387155305391772,-37.65459694099934,-18.83426472113983,-12.708793327529541,-8.65546088696325,,,,,,,,,,,,,,,,,,,,,,,,Inequality constraints incompatible,,,,,,,,,,,,,,,,,
7,True,544.7265842177549,21.970357520402704,36.45135942406393,0.0,7.0,2.2733260849295243,0.14208288030809527,-0.46005192545680446,1.3830725534912771,-28.921581806169716,-21.32781422962432,-28.7159603691454,-18.701628029178778,-13.405643787677018,-36.492404996921884,-15.586108379282196,-13.98819687253844,-0.29087389608150965,0.04051316661327783,-0.30995046593959336,0.0001750439019977449,-0.3059335535060067,-0.04104557285795284,-0.33430085916121494,-0.13506217028512493,4.782654931541238e-06,0.0006233678407946805,1.0861992481104597e-09,876.8804059839911,1.099899e-12,425.3972529114534,-0.01968,-6.584,-9.09,-13.17,-18.87,0.0,-21.675,-24.605,0.0,,,,,,,,,,,,,,,,,,
8,True,550.8331354913195,21.714017064734463,32.40117907692969,2.0,287.0,-2.810783224968881,-0.17567395156055507,-1.1227598949105702,0.27055671708328516,-25.291892768128697,-22.29335361335362,-27.310873572915096,-32.579577975288245,-31.053503096312223,-20.5205171871629,-6.556438649665276,-9.338527205718629,-0.11440673547866867,-0.2190794647290633,-0.09209152755292299,-0.17839889835855577,-0.13740249508861116,-0.17776858832174403,-0.13713359363725508,-0.1762662475021443,1.0558192409824657e-05,0.0019060388145374914,2.913376988925417e-09,53.43503458234498,9.037683153867983e-15,534.0368018794782,-0.01968,-6.584,-9.09,-13.17,-18.87,0.0,-21.675,-24.605,0.0,,,,,,,,,,,,,,,,,,
9,False,,,,,,,,,,-12.848104248483281,-16.714731691093924,-27.18836085933353,-14.757142993587543,-26.627096896287753,-36.80607238767508,-11.531767400315069,-11.417036970428004,,,,,,,,,,,,,,,,,,,,,,,,Inequality constraints incompatible,,,,,,,,,,,,,,,,,
10,True,637.1429489128222,23.77849993616475,38.29595569418552,0.0,7.0,-2.2062264519814594,-0.1378891532488412,-1.1874044354959907,0.7957587448546164,-28.03855976257504,-22.18828211126436,-12.714327462616115,-32.25922329967018,-25.61270841757569,-38.289298156508124,-13.261699846283129,-18.817654833572593,-0.19633645522951457,0.03048989266611799,-0.23188836503253848,0.01933664491147644,-0.23431877296841946,0.006657537677400637,-0.26568223250268047,-0.08201265026906218,5.013605093780977e-06,0.0024268177893060627,2.009483958617441e-09,441.12446902585765,3.9007892336715317e-13,94.38402763471228,-0.01968,-6.584,-9.09,-13.17,-18.87,0.0,-21.675,-24.605,0.0,,,,,,,,,,,,,,,,,,
11,True,345.7523997669398,16.77523454120018,32.67505818155254,4.0,357.0,-3.344075288741648,-0.209004705546353,-0.7711268963625385,0.016912441355932933,-21.215036870401043,-15.002144887551903,-10.363220046285804,-33.03746305046144,-19.131669366831286,-17.63244881758846,-17.82636373827378,-3.438604572174441,-0.42094993844375517,-0.3839989566349447,-0.46975194406746335,-0.36240486890890294,-0.4817370402575049,-0.36794864049510567,-0.5200096342041877,-0.43827399695485236,1.0786213995790423e-05,0.0019149354442106238,7.811291258657323e-11,1648.997,3.5263792689953246e-14,130.69659314080275,-0.01968,-6.584,-9.09,-13.17,-18.87,0.0,-21.675,-24.605,0.0,,,,,,,,,,,,,,,,,,
12,False,,,,,,,,,,-10.140955783737521,-18.33929957302475,-29.70843053929755,-15.49134040798669,-23.055866223996933,-38.470990057203174,-18.053378870958145,-10.939054949485923,,,,,,,,,,,,,,,,,,,,,,,,Inequality constraints incompatible,,,,,,,,,,,,,,,,,
13,True,648.4879523813196,24.173939133627144,32.41305952119724,0.0,7.0,-0.4357150543450986,-0.027232190896568663,-0.48738485524248765,0.7811054824134519,-27.536553264180395,-26.998481400747607,-32.733292202719234,-32.00529443425187,-19.91603613348662,-29.711391958072483,-7.920348014539673,-17.91706294463206,-0.2924800631154215,0.04872589633716065,-0.3202326815219937,-0.007722227221980705,-0.31010823402005033,-0.039225842681538635,-0.3116244621297453,-0.11427966925924955,4.286206260299919e-06,0.0014128637669661161,2.629946698667196e-09,1353.4487181514337,3.6399940580349233e-13,1637.6611279374977,-0.01968,-6.584,-9.09,-13.17,-18.87,0.0,-21.675,-24.605,0.0,,,,,,,,,,,,,,,,,,
14,True,576.7783777238282,23.02165170073825,31.75948566791505,3.0,70.0,-4.166010963698745,-0.26037568523117155,-1.3588226681128628,0.24776450672049652,-20.173849679264265,-26.962953692972814,-32.1588810592874,-31.311198928674198,-28.201257915403417,-20.17992971960905,-15.039644810827456,-12.99157537498874,-0.35734256764938344,-0.3394552456914062,-0.3993953913723503,-0.29701922294664246,-0.3978555441556217,-0.3080051655217329,-0.3872543005018252,-0.3597501372823791,1.09e-05,0.0025534863577312598,0.0,1539.2378180081996,0.0,1266.8398981059725,-0.01968,-6.584,-9.09,-13.17,-18.87,0.0,-21.675,-24.605,0.0,,,,,,,,,,,,,,,,,,
15,False,,,,,,,,,,-12.481809087105905,-27.453162870961165,-34.974461793263394,-27.309223711907503,-39.947126026373745,-31.387672656924313,-17.115868114462685,-7.708494852766629,,,,,,,,,,,,,,,,,,,,,,,,Inequality constraints incompatible,,,,,,,,,,,,,,,,,
16,True,369.11372583601155,18.066877982657104,33.88175919130476,0.0,7.0,-2.321124258883078,-0.14507026618019236,-0.6514733783751063,0.35283581467173974,-21.410889677995883,-15.173677441949724,-34.20046317427124,-17.07364984642158,-14.810394443701927,-14.71356307114402,-11.578474209578943,-17.459345296417577,-0.30286547674216197,-0.23491164841149786,-0.3187039829664808,-0.20135469855716825,-0.2974295860022806,-0.1316216603604209,-0.27407367823889783,-0.12447256894515704,4.812419694545097e-06,0.0016667238942909774,1.899955822019818e-09,1188.634185620238,1.8388620590502664e-15,1556.5203163044941,-0.01968,-6.584,-9.09,-13.17,-18.87,0.0,-21.675,-24.605,0.0,,,,,,,,,,,,,,,,,,
17,True,194.35882460897216,13.08793808489079,17.769014787890963,3.0,70.0,-3.1390408718949594,-0.19619005449343496,-0.7520699000008686,0.16046778751023158,-18.10758617353364,-15.230613124162128,-17.221228332253375,-9.44320213418333,-16.7245192482959,-17.750023366633048,-5.343651839189855,-7.590391527913509,-0.3385713856426774,-0.3084260407666867,-0.38468329725552,-0.28706687213144993,-0.37926367214750223,-0.29221482750921335,-0.37387450380737364,-0.34361046777804,1.09e-05,0.00183623515714789,9.93727325491355e-11,1323.1941829540756,0.0,959.264958916417,-0.01968,-6.584,-9.09,-13.17,-18.87,0.0,-21.675,-24.605,0.0,,,,,,,,,,,,,,,,,,
18,False,,,,,,,,,,-7.966602134059862,-21.773649921002427,-25.030310495233095,-32.531551821018475,-33.90171543577628,-23.449022374818643,-1.4360450196766799,-0.9800630690483665,,,,,,,,,,,,,,,,,,,,,,,,Inequality constraints incompatible,,,,,,,,,,,,,,,,,
19,True,364.0941501275171,17.519815330494026,28.196463538387537,0.0,7.0,-3.9695760057063927,-0.24809850035664954,-0.9937146531387065,1.1908759900000053e-10,-15.997759867171323,-17.800219549519284,-28.598887308358098,-26.247707373842232,-17.264474616980877,-22.502575442216894,-5.028033108703628,-9.207809866758247,-0.3389671719854357,-0.056016141003690546,-0.4024237699705624,-0.14510117575648573,-0.43197017635012563,-0.27225455328874376,-0.46393825586797044,-0.378273245375373,9.928240782070206e-06,0.002658078243239083,2.720141842772846e-09,1587.6746846024553,4.745529565855034e-13,1230.401260521817,-0.01968,-6.584,-9.09,-13.17,-18.87,0.0,-21.675,-24.605,0.0,,,,,,,,,,,,,,,,,,
20,True,434.8571867377773,18.800798857591275,39.3768907773171,2.0,455.0,0.7514081499720492,0.046963009373253074,-0.6358552733506823,0.9194487484261292,-11.212696370709768,-23.769137157623216,-20.63770211769767,-18.707292880134222,-39.53339990344669,-14.201021234860907,-9.712497263244714,-13.170828296497257,-0.07394300906330793,0.10201933042396595,-0.10292664849499637,0.022937739778095215,-0.1565091261295937,-0.04199009308922721,-0.16940233034554042,-0.1183702265636433,9.820221580693248e-06,0.0005311492696542538,1.5555247785444808e-09,303.56244402940615,7.809541623114511e-13,561.9271862742903,-0.01968,-6.584,-9.09,-13.17,-18.87,0.0,-21.675,-24.605,0.0,,,,,,,,,,,,,,,,,,
21,False,,,,,,,,,,-9.468166575113717,-28.527549016655687,-31.88982085716324,-14.57572163108911,-13.74695580120019,-32.69718761547678,-2.3702333701955816,-10.20674557351255,,,,,,,,,,,,,,,,,,,,,,,,Inequality constraints incompatible,,,,,,,,,,,,,,,,,
22,True,380.2371872898924,19.12545382071356,24.911249994822423,0.0,7.0,-1.3913434148389063,-0.08695896342743165,-0.8089594011815268,0.7734295462338197,-20.09888157107196,-21.148483511709905,-12.92909848109947,-22.074083092330916,-25.29095065271471,-21.21748025070368,-15.000877074053333,-17.529598165975507,-0.3855363409572542,-0.19125819171613834,-0.38771957907537824,-0.17069349134809136,-0.37970065789228685,-0.16730610372410523,-0.3955535257854723,-0.2080543434522796,4.000470649406063e-06,0.002485458064309537,1.4523810764537739e-09,774.1822511112247,2.0730643164342898e-13,363.14236478908344,-0.01968,-6.584,-9.09,-13.17,-18.87,0.0,-21.675,-24.605,0.0,,,,,,,,,,,,,,,,,,
23,True,515.4340621831129,20.320784797341396,33.64528110609065,2.0,301.0,-4.288401739991431,-0.26802510874946445,-1.605501499094295,0.06840640955441239,-13.849624240070984,-16.4620824211829,-33.711478296378935,-30.355500765768458,-26.377026332170846,-29.007246768943606,-4.695683237552915,-9.065614176376389,-0.05782882829484134,-0.18230888301882317,-0.06619719028828415,-0.16010637485552182,-0.09285640095853276,-0.14690574968529568,-0.11239462123318635,-0.13937981137935634,1.086139622800765e-05,0.002566965844405621,1.1480149272358673e-09,176.30154165910085,0.0,1008.6648350394695,-0.01968,-6.584,-9.09,-13.17,-18.87,0.0,-21.675,-24.605,0.0,,,,,,,,,,,,,,,,,,
24,False,,,,,,,,,,-10.13963688712209,-25.574495169920223,-23.314411698985452,-18.782870178010718,-13.95257821256978,-34.41831252804738,-7.6486998691362675,-1.6699232528794106,,,,,,,,,,,,,,,,,,,,,,,,Inequality constraints incompatible,,,,,,,,,,,,,,,,,
25,True,582.5357361018619,20.53262026156254,37.078826877238114,0.0,7.0,-3.4734934293794235,-0.21709333933621397,-1.1600922583344826,0.24497219843591725,-27.65947522402228,-22.9063889559245,-14.692909972217766,-21.919889423006303,-36.97313084798456,-37.24826717277025,-2.548540922889984,-2.600993925152789,-0.3234553371532877,-0.30807462738876584,-0.36379683962605397,-0.23773869365111738,-0.34786445357135926,-0.16944029553213252,-0.3513068019618996,-0.18695730258350973,4.468710474769988e-06,0.0021854060500020958,7.062096783261972e-10,1496.5087579436326,3.0532134235362625e-14,1371.909978071659,-0.01968,-6.584,-9.09,-13.17,-18.87,0.0,-21.675,-24.605,0.0,,,,,,,,,,,,,,,,,,
26,True,410.5478454531893,18.718788607942976,27.601097637035572,4.0,63.0,-1.5594559439872429,-0.09746599649920268,-0.5278629309468069,0.8142294650300042,-27.571932323189085,-11.41575850072789,-27.95498935430917,-19.242432642422976,-25.65683304908091,-22.75463571763548,-9.891671974140655,-7.463374771677284,-0.3402092824207105,-0.29458656566046487,-0.35389171727359736,-0.24985063098098878,-0.3374252242325194,-0.16447296182177662,-0.32598663597684535,-0.1348964512727469,9.999999999999989e-08,0.0012790599335678868,3.221195475918368e-09,1034.412141715771,2.370663805678413e-14,988.2129838399169,-0.01968,-6.584,-9.09,-13.17,-18.87,0.0,-21.675,-24.605,0.0,,,,,,,,,,,,,,,,,,
27,False,,,,,,,,,,-18.72334719652258,-19.763017568999167,-34.3755355672072,-25.814228861123976,-21.372782928982627,-32.23606530200166,-5.4252877134482755,-13.159457907696126,,,,,,,,,,,,,,,,,,,,,,,,Inequality constraints incompatible,,,,,,,,,,,,,,,,,
28,True,319.57778502437947,16.37838222151533,26.813105909196967,0.0,7.0,1.319623309973469,0.08247645687334182,-0.4169467812358305,0.7888560444095997,-11.695065081666549,-16.31606987392832,-23.93412774978542,-26.82216602675851,-17.789780503706172,-15.733884258418751,-18.12562733187674,-1.598901825328074,-0.22432552186801952,0.023846163887615325,-0.2381984369797676,-0.009060117561543228,-0.2462508084049935,0.013953221956566791,-0.25210540310869795,-0.056423977267053484,2.4094061684846935e-07,0.0006301750852185456,2.1412785724259164e-10,710.2013832654457,8.132349120731354e-13,737.4986403200636,-0.01968,-6.584,-9.09,-13.17,-18.87,0.0,-21.675,-24.605,0.0,,,,,,,,,,,,,,,,,,
29,True,340.4449889181403,17.67133686680703,28.113006522244753,4.0,525.0,-3.150662361669093,-0.1969163976043183,-1.2400021943638917,0.7945274494098149,-28.46957623725543,-23.786604994292034,-16.65492830736707,-10.439866581188802,-14.807129230216344,-14.0868938773188,-17.678391138175726,-17.782388255574496,-0.3565697150106797,-0.36178565224350373,-0.3748889473265314,-0.29646349203629546,-0.33596287567027416,-0.19662127467177598,-0.28335145961037694,-0.12944027036300734,4.002916060537808e-07,0.0023528237256905636,3.2999852e-09,1577.1371576429267,0.0,1417.336034677871,-0.01968,-6.584,-9.09,-13.17,-18.87,0.0,-21.675,-24.605,0.0,,,,,,,,,,,,,,,,,,
30,False,,,,,,,,,,-8.758761880887167,-27.364209701913836,-32.39891668909828,-33.023706223021975,-14.68386060296043,-17.1863930391554,-0.9083674407906486,-15.442894830687848,,,,,,,,,,,,,,,,,,,,,,,,Inequality constraints incompatible,,,,,,,,,,,,,,,,,
31,True,508.848852261197,20.66887666847345,30.536351144478168,0.0,7.0,-4.1540151468609094,-0.25962594667880684,-1.600589887125226,0.1434121760939908,-29.87320357122657,-19.85336927123168,-28.585959035011552,-21.73191726642645,-19.801517360604308,-30.64961596491961,-13.544511021406068,-1.9434221833779723,-0.0008059964433709257,-0.14383531609399544,-0.0296138109002393,-0.1444170521805068,-0.034828495416987126,-0.11326482044144484,-0.056563184818931286,-0.10917365012109148,8.14722450354764e-06,0.002354719539870885,1.4458972812315311e-09,204.74219353805785,0.0,1505.394908231878,-0.01968,-6.584,-9.09,-13.17,-18.87,0.0,-21.675,-24.605,0.0,,,,,,,,,,,,,,,,,,
32,True,332.4921655939512,16.233030321276964,27.934114295567657,4.0,553.0,-1.452809486395895,-0.09080059289974343,-0.6560780714427693,0.3995233760754581,-13.832979094880798,-27.637893582134698,-28.098307784586275,-12.297579859035555,-20.96888070141649,-16.811728295675863,-3.56583191269727,-7.4487502008337785,-0.12474378029391256,-0.08098688137539795,-0.1641934890186171,-0.0617531552433156,-0.147534685620607,0.004315267235186652,-0.17860134439481462,-0.044210792333522854,4.6759951790484505e-06,0.0009168297526283467,1.1635389461949857e-09,445.449387806711,0.0,1439.2902815194489,-0.01968,-6.584,-9.09,-13.17,-18.87,0.0,-21.675,-24.605,0.0,,,,,,,,,,,,,,,,,,
33,False,,,,,,,,,,-28.134028620169566,-29.942487770460815,-28.66238496757241,-23.92789548858309,-20.30488604896062,-15.923135999822875,-0.003977046997299283,-16.597101707262325,,,,,,,,,,,,,,,,,,,,,,,,Inequality constraints incompatible,,,,,,,,,,,,,,,,,
34,True,603.4526183037033,21.797967369347294,34.77227596878782,0.0,7.0,0.27512419561030055,0.017195262225643784,-0.5313875135193014,0.6455752878496481,-28.29647871948721,-28.478809263620914,-33.35144540280935,-34.8739489539129,-26.21200718115302,-15.365912584929617,-4.313473241690897,-5.764768676636427,-0.32160372923788544,-0.05971770966788029,-0.3571836428398384,-0.101672985125081,-0.39053662128481315,-0.24463892478720597,-0.4429861668812683,-0.35476528963801274,1.0376200177657979e-05,0.0013278173411296708,1.7611879552496846e-10,903.4668819840748,1.6250306153070375e-13,729.7025419154435,-0.01968,-6.584,-9.09,-13.17,-18.87,0.0,-21.675,-24.605,0.0,,,,,,,,,,,,,,,,,,
35,True,585.1261648590432,23.14824020456687,32.979736345592734,2.0,315.0,-3.997012300621626,-0.24981326878885163,-1.2413102721208267,1.190875990000005e-10,-26.8787412240846,-24.278402058553187,-22.19003318065044,-27.115834849108595,-33.377810659716275,-28.117119981204812,-9.450756591133711,-16.554044825515223,-0.3373260027186519,-0.31204148474222254,-0.38116862841488247,-0.2616295948872799,-0.39807431412354305,-0.2958429930327625,-0.4381864829525093,-0.3525522325600246,9.863730057662304e-06,0.0022947999928776283,2.4371330585331224e-09,1091.0516677116989,3.0249370708147e-14,808.1430606947968,-0.01968,-6.584,-9.09,-13.17,-18.87,0.0,-21.675,-24.605,0.0,,,,,,,,,,,,,,,,,,
36,False,,,,,,,,,,-26.6157224322804,-13.352029664940552,-12.27853414049332,-14.999760377857331,-34.05268341046856,-39.51347986878302,-0.8458459103971094,-18.230870226085226,,,,,,,,,,,,,,,,,,,,,,,,Inequality constraints incompatible,,,,,,,,,,,,,,,,,
37,True,475.2988130347564,19.71757850010249,33.2562563912527,0.0,7.0,-0.6154310832070979,-0.03846444270044362,-0.4400237364018609,0.7018697612293054,-14.352841940849645,-26.80691274008217,-18.973466100247112,-33.26207098964575,-21.696866681383323,-28.65768882440353,-12.276651835991139,-2.967901072880874,-0.29010337443189516,0.016582729638188368,-0.30591647569976393,-0.005814598393049233,-0.2940468784375084,-0.01373123773635746,-0.28760070403365345,-0.07314164556957127,1.9941948310343335e-06,0.0008167520240949385,2.5393127755697182e-09,1252.7646030709736,4.733982209504376e-13,1383.0293197919627,-0.01968,-6.584,-9.09,-13.17,-18.87,0.0,-21.675,-24.605,0.0,,,,,,,,,,,,,,,,,,
38,True,326.61013645327637,15.680353049583253,27.507670234208117,3.0,469.0,-3.2966320750649025,-0.2060395046915564,-0.8143431128327634,0.02018260264163282,-22.09989059250531,-16.09663460211644,-17.50996226274816,-21.241677778815458,-20.723776414632685,-27.881120286163373,-1.9761630347719503,-1.3174065843854201,-0.42611074503038604,-0.40137123104770306,-0.44635947203814313,-0.37064414537192725,-0.46630075068750865,-0.3734500519552551,-0.5016709445630401,-0.4178998187787952,8.397784514638154e-06,0.0019507671782700426,8.849865971595021e-10,1087.9711095921618,3.012556672910192e-14,93.67297780744413,-0.01968,-6.584,-9.09,-13.17,-18.87,0.0,-21.675,-24.605,0.0,,,,,,,,,,,,,,,,,,
39,False,,,,,,,,,,-11.6255252352584,-13.864767271305684,-34.441534395362105,-19.750732858359278,-36.936155249642134,-37.88003637938434,-8.416924984538538,-14.48169497103749,,,,,,,,,,,,,,,,,,,,,,,,Inequality constraints incompatible,,,,,,,,,,,,,,,,,
40,True,462.5448918732204,19.24471767741078,31.36781818696448,0.0,7.0,-4.113415803184409,-0.25708848769902554,-1.2038071272036257,1.1908759900000053e-10,-15.555524084835433,-23.461107614167815,-31.74085538995724,-26.81431238685617,-13.223258808759741,-28.635720510215194,-16.738571352188515,-0.34456800441298796,-0.3414501464884432,-0.22411939586906512,-0.37303720299276,-0.17654372070435073,-0.403292560778616,-0.25690120856797666,-0.43784105061663126,-0.3429914460890007,7.485393657347505e-06,0.00269996,1.4865331330122383e-09,962.5216332112477,8.509333461765787e-14,1085.5379811666558,-0.01968,-6.584,-9.09,-13.17,-18.87,0.0,-21.675,-24.605,0.0,,,,,,,,,,,,,,,,,,
41,True,685.1442503074741,25.09822315968636,39.37338699504472,3.0,511.0,1.3440282898258198,0.08400176811411374,-0.601177529371235,1.0771975224582369,-20.336269965805926,-26.681146809598033,-27.841329002953675,-30.677199055112002,-39.532241259732864,-24.476356850237444,-15.103038545360004,-16.834033105320792,-0.10745807197224826,0.0456098772034655,-0.1117833101956914,-0.029171039524366442,-0.15885426468814204,-0.050075851084429,-0.15350696236895206,-0.13058969399949616,7.581647538847517e-06,0.0009586121347279608,3.2999852e-09,112.27860644943507,1.0520893378207573e-12,334.3003734176951,-0.01968,-6.584,-9.09,-13.17,-18.87,0.0,-21.675,-24.605,0.0,,,,,,,,,,,,,,,,,,
42,False,,,,,,,,,,-16.559328367582737,-20.842318663365504,-33.16831729642281,-12.732403673364217,-19.857070986677194,-27.505339253660296,-9.697204021505877,-12.987547636091909,,,,,,,,,,,,,,,,,,,,,,,,Inequality constraints incompatible,,,,,,,,,,,,,,,,,
43,True,380.04734500910854,16.904463194225038,30.952159678267492,0.0,7.0,-4.529060350769815,-0.28306627192311345,-1.4489429906560651,1.1908759900000048e-10,-19.68453348208709,-8.999633473214928,-22.482980334192224,-29.025556332383402,-14.378977311231314,-30.90260120485365,-6.6474048664763234,-3.0344563404185134,0.0008317141537964302,0.24060130746939096,-0.05932106255107807,0.15123559013586838,-0.08712450958654394,0.04955847341384143,-0.14185963141017338,-0.07435967268224725,1.0222639900430842e-05,0.00269996,1.1617467092424832e-09,353.0766737907468,9.731029230927077e-13,1287.638872137461,-0.01968,-6.584,-9.09,-13.17,-18.87,0.0,-21.675,-24.605,0.0,,,,,,,,,,,,,,,,,,
44,True,443.49275030517083,18.956174132399816,33.538625843676556,3.0,364.0,-1.3624599552094045,-0.08515374720058778,-0.6455900475296045,0.49552969699300575,-28.241962604341136,-14.86829664773382,-17.980146073300784,-24.107334655890504,-33.57999099649579,-15.255988796880821,-1.2856557361945349,-16.81231523624558,-0.06162509839164871,-0.1459737894709198,-0.07757442072077535,-0.1439351195818214,-0.04136515281923096,-0.03306325236724384,-0.023083054123817517,0.04432219959102686,3.105484147672394e-06,0.0008412208613842998,1.7161247377702586e-09,181.89556185370617,0.0,1189.632786113411,-0.01968,-6.584,-9.09,-13.17,-18.87,0.0,-21.675,-24.605,0.0,,,,,,,,,,,,,,,,,,
45,False,,,,,,,,,,-19.878190917547002,-13.223308512470567,-11.796356766881466,-27.654246134320196,-23.293202619683115,-39.12522404553826,-10.01967536388755,-6.392919669805567,,,,,,,,,,,,,,,,,,,,,,,,Inequality constraints incompatible,,,,,,,,,,,,,,,,,
46,True,323.3114027354212,16.423945115667685,27.635509834170694,0.0,7.0,-3.623114114611701,-0.22644463216323132,-1.2803714552504848,0.3618210817165219,-13.058975645005624,-23.707443266049204,-13.76928530235097,-17.122423418807394,-23.0119832452472,-27.73661773868628,-7.230942423268699,-6.612800587607204,-0.11472600060572553,0.03882943528594301,-0.11785276286008525,-0.025647190846084276,-0.17154140077214208,-0.10110790451558613,-0.20054574548000845,-0.1663191318874026,8.821152894000382e-06,0.002447314895876944,6.023189058546368e-10,209.85278619458518,7.555364621533836e-13,0.0,-0.01968,-6.584,-9.09,-13.17,-18.87,0.0,-21.675,-24.605,0.0,,,,,,,,,,,,,,,,,,
47,True,660.4276074347533,22.989600133565744,39.56912759609752,1.0,329.0,0.1563353047711194,0.009770956548194962,-0.5353890924905628,0.9244753599921107,-20.039693799384295,-27.680352293147955,-30.063766759641474,-13.170304449754667,-39.91366183141081,-36.68313590750965,-11.558017391430074,-6.453098301172815,-0.2805598632782895,0.06541660436052874,-0.31146860402923576,-0.024407145834627584,-0.3445342353132878,-0.1352153941560793,-0.3729469028500824,-0.2415141238247438,7.22666759575855e-06,0.0004032797936156895,3.293010579340347e-09,1360.8679395796948,6.128773029345334e-13,863.9711585594687,-0.01968,-6.584,-9.09,-13.17,-18.87,0.0,-21.675,-24.605,0.0,,,,,,,,,,,,,,,,,,
48,False,,,,,,,,,,-14.288846642554892,-16.585749294365268,-27.375960473635942,-13.932053249936182,-30.487471635040947,-13.3801422190378,-2.169473620599689,-10.076234766159322,,,,,,,,,,,,,,,,,,,,,,,,Inequality constraints incompatible,,,,,,,,,,,,,,,,,
49,True,662.0717399641703,24.20177296794911,38.66560532519753,0.0,7.0,-3.273227059509293,-0.2045766912193308,-0.6877108598488969,1.1908759900000053e-10,-16.07914501968068,-28.8040892292459,-33.69986062885123,-13.827798352814774,-29.20023832669039,-38.930374714321076,-18.487543170199615,-17.0430516898966,-0.34308172317249086,-0.04845604252808271,-0.40173224921579126,-0.14180832454974943,-0.4217090422241608,-0.2647693891235403,-0.4642651049117357,-0.3720955123818213,8.659446519617442e-06,0.0020791312630304673,1.0923302494035666e-09,1520.1041069751898,8.542125763414887e-13,1022.6074000456149,-0.01968,-6.584,-9.09,-13.17,-18.87,0.0,-21.675,-24.605,0.0,,,,,,,,,,,,,,,,,,
50,True,708.352756465798,23.78898566672642,39.56814832757044,5.0,504.0,-2.9131429441585355,-0.18207143400990847,-0.8483586995782307,0.37902963549763025,-28.05530851095264,-25.376922410968053,-29.343985307780798,-33.477567499325865,-27.194881670103108,-39.839579685523965,-1.7074906262060452,-8.165507432596334,-0.4279718855003282,-0.42045317397912574,-0.4221004482895557,-0.3956298982755431,-0.3896901933793929,-0.2714313579535262,-0.34567565117702215,-0.1764052010909338,9.999999999999989e-08,0.0020438130229903893,2.480844485311228e-10,1171.801332865789,0.0,299.31977042152187,-0.01968,-6.584,-9.09,-13.17,-18.87,0.0,-21.675,-24.605,0.0,,,,,,,,,,,,,,,,,,
random_1,True,,,,,,,,,,-29.046458459033627,-20.696514131899534,-28.95418272616446,-13.171137797945356,-34.437768229771976,-20.057268327976505,-11.463973149525252,-15.42264203369803,-0.28309068532657866,0.030424830068622833,-0.31666085883786665,-0.03369879606551025,-0.3497184705577653,-0.14943971811949916,-0.38491448857882493,-0.2549307051243779,7.158767523017784e-06,0.0005764014601658741,3.1359193881653887e-09,795.1321743805648,9.596338687721855e-13,350.13616617620335,-0.01968,-6.584,-9.09,-13.17,-18.87,0.0,-21.675,-24.605,0.0,,random_generation,1.3336991456729579,1.190875990000005e-10,0.5692530424693999,1.0083765773071471e-10,0.7629380005972786,4.2344623535714295e-11,0.4948598588764409,3.16917659692857e-11,-0.5818161679692148,7.646320853571434e-12,-0.45833381244384414,6.78010627e-12,0.06985380403091161,4.156041692857141e-13,-0.29506192854182944,9.787776342857141e-13
random_2,True,,,,,,,,,,-29.365263998591935,-23.367858245840143,-29.293719435053767,-16.606686836605565,-26.0909820572542,-25.228012619948412,-4.3656343672146996,-0.805404997594561,-0.35870232236716504,-0.040755867750980716,-0.3786273221765449,-0.07026559717882712,-0.3923236903439588,-0.1756618750967875,-0.43598131774518917,-0.30383635211795496,6.116016796373828e-06,0.000432823590215281,8.711542617166846e-10,1417.1549062162185,4.621622738594731e-13,36.801937511613914,-0.01968,-6.584,-9.09,-13.17,-18.87,0.0,-21.675,-24.605,0.0,,random_generation,1.2916756112004852,1.1908759900000048e-10,-0.07833179592321873,1.0083765773071469e-10,0.3112908445158507,4.23446235357143e-11,-0.10099330846920589,3.1691765969285706e-11,-0.6124333285800355,7.646320853571434e-12,-0.5567040450877603,6.780106270000003e-12,0.0007375695988471039,4.1560416928571415e-13,-0.3058139878504377,9.787776342857143e-13
random_3,True,,,,,,,,,,-13.897350423585383,-28.06592548197558,-33.92005469622023,-13.107471872147666,-36.093137127783955,-25.52808777595046,-11.93943921472609,-6.523103569431129,-0.09834376627977452,0.08124888465119756,-0.09217665410534184,0.05533954461281152,-0.1087547994846894,0.06906385282652129,-0.10960292755827152,0.04399203094416529,3.897786869214652e-06,0.002317795991399629,3.1541349251282755e-09,307.66642097062226,4.2911643121133133e-13,470.91207423843935,-0.01968,-6.584,-9.09,-13.17,-18.87,0.0,-21.675,-24.605,0.0,,random_generation,-1.0513340535300069,1.190875990000005e-10,0.5536035343760115,1.0083765773071474e-10,-0.7736799298105871,4.23446235357143e-11,0.8564046011713861,3.16917659692857e-11,-0.6150346814333008,7.646320853571434e-12,-0.26531255824751726,6.780106270000002e-12,-0.10692864465518309,4.156041692857142e-13,-0.24901595445659347,9.787776342857141e-13
random_4,True,,,,,,,,,,-11.012094234465899,-10.916106342147696,-31.961550321547335,-12.852915073400304,-14.688398306142286,-27.675031123126594,-10.891810086419348,-7.001449747187776,-0.31440224157647184,-0.08850027064071389,-0.3561755733369942,-0.08027053151411044,-0.3475789231485764,-0.10736835316660036,-0.35970550165253534,-0.17380901921596706,5.009258636813709e-06,0.002182648763170081,2.660505139101369e-09,1503.7200294359247,1.5555525453405598e-13,1345.3754276027412,-0.01968,-6.584,-9.09,-13.17,-18.87,0.0,-21.675,-24.605,0.0,,random_generation,-0.9122921811113244,1.1908759900000048e-10,-0.28261616721286237,1.0083765773071474e-10,-0.5597353298133119,4.2344623535714295e-11,-0.043197442050234756,3.169176596928571e-11,-0.5321864271687303,7.646320853571433e-12,-0.5186716466428514,6.78010627e-12,-0.05289826972231996,4.156041692857141e-13,-0.2950552832439831,9.787776342857147e-13
random_5,True,,,,,,,,,,-7.906451789871426,-11.811399262738348,-21.403365756329766,-26.32132271584308,-25.026207728777724,-22.956939817167818,-13.562624187848574,-0.1322923159070335,0.011297620984283137,0.19706546387404156,-0.04085396556582892,0.1267573007226771,-0.03503982134953603,0.06890825467437192,-0.054177966910691565,-0.020059190551828112,7.287564795668656e-06,0.0012144558347628562,2.1320305488620814e-09,273.40234752524907,8.368419487342132e-13,1234.5547652679095,-0.01968,-6.584,-9.09,-13.17,-18.87,0.0,-21.675,-24.605,0.0,,random_generation,0.08440728902059919,1.190875990000005e-10,0.05554989507980947,1.0083765773071471e-10,0.6528143919138673,4.2344623535714275e-11,0.1486780701237886,3.1691765969285706e-11,-0.6018665536790516,7.646320853571438e-12,-0.5015813092269648,6.780106270000002e-12,-0.1261136546738999,4.156041692857141e-13,-0.2927368811460726,9.787776342857143e-13
random_6,True,,,,,,,,,,-29.315696569413547,-29.343736096774986,-30.977550795068932,-19.182461916702778,-32.236706533551114,-13.566644364460188,-18.16995209943443,-1.4875567949822148,-0.4274753946633247,-0.23841507343089183,-0.42867966182071754,-0.23976878896715917,-0.4126824308710165,-0.20625578801155706,-0.40887055077813383,-0.19928727438348393,4.034024839878562e-07,0.0015053117962292258,2.501452667730689e-09,1263.6840385619723,2.1269623320417887e-13,78.20208400589419,-0.01968,-6.584,-9.09,-13.17,-18.87,0.0,-21.675,-24.605,0.0,,random_generation,0.3352239238228172,1.190875990000005e-10,-0.13208884363028658,1.0083765773071471e-10,-0.09560577797413577,4.23446235357143e-11,-0.033031490070829575,3.169176596928571e-11,-0.5739760404464601,7.646320853571436e-12,-0.45418859732268485,6.780106270000002e-12,-0.06920261049165989,4.156041692857142e-13,-0.2642735357669861,9.787776342857147e-13
random_7,True,,,,,,,,,,-21.04261150870666,-24.866357938809973,-22.25930452682121,-15.008820108325235,-27.110387846268395,-36.99752818656509,-5.700005598097597,-10.855261044180876,-0.0776605899881553,0.036946124349379494,-0.09548478227790713,0.060593612184178934,-0.09434069405630874,0.11217118654358676,-0.09620298492463371,0.06763543955305837,2.7494102395570125e-06,0.0020364455278691685,2.6039432475332417e-09,370.0727306874385,1.1303245222203993e-13,1009.4866447115546,-0.01968,-6.584,-9.09,-13.17,-18.87,0.0,-21.675,-24.605,0.0,,random_generation,-0.93948233938444,1.190875990000005e-10,0.11588351317256924,1.0083765773071474e-10,-0.5829245159549241,4.2344623535714314e-11,0.5775844690766386,3.16917659692857e-11,-0.5291116103695472,7.646320853571433e-12,-0.23421064270714934,6.78010627e-12,-0.10342399924400061,4.1560416928571435e-13,-0.19466239278131975,9.787776342857145e-13
random_8,True,,,,,,,,,,-18.99153588195068,-29.870622801284117,-10.19033320621008,-21.557871061279343,-23.547596314779884,-18.5614995783153,-5.445584335328311,-10.00166356219193,-0.011359920367971723,0.03374223165657747,-0.03460075412529787,0.04512417268516999,-0.0031457405160495154,0.11195147031096496,0.03629151994706247,0.08727122288745935,3.6435290399013514e-06,0.0014819973094545983,2.7414772399297417e-10,82.63612410515283,2.213967668475386e-13,1024.6597404486208,-0.01968,-6.584,-9.09,-13.17,-18.87,0.0,-21.675,-24.605,0.0,,random_generation,0.04625978481737298,1.1908759900000045e-10,-0.010512957237517905,1.0083765773071475e-10,0.6261047688237911,4.2344623535714314e-11,0.3948966596455189,3.16917659692857e-11,-0.3121231279504703,7.646320853571433e-12,-0.3209927133335945,6.780106270000003e-12,-0.11766988334417866,4.1560416928571415e-13,-0.2723921482631259,9.787776342857143e-13
random_9,True,,,,,,,,,,-18.21858954310089,-22.402651560416796,-13.172028746191142,-32.503085659771884,-31.615144840897514,-23.780936203725155,-11.24198199281599,-13.898719362096813,-0.1383894685572261,0.15994653164482844,-0.1909413959502923,0.11430438602087617,-0.21268752795536983,0.03030310505261589,-0.23634578450241836,-0.09456913905143441,6.162806575517255e-06,0.0013161747235086617,2.343131093701556e-09,513.7405532022411,9.117071045510883e-13,914.710589197946,-0.01968,-6.584,-9.09,-13.17,-18.87,0.0,-21.675,-24.605,0.0,,random_generation,0.2753855919958714,1.190875990000005e-10,0.5345401565998386,1.0083765773071474e-10,0.7652796383148186,4.2344623535714295e-11,0.8908298270694535,3.1691765969285706e-11,-0.6286834881943661,7.646320853571433e-12,-0.4855894039630961,6.780106270000002e-12,-0.11663462994200408,4.15604169285714e-13,-0.3052405106723067,9.787776342857145e-13
random_10,True,,,,,,,,,,-18.60513223442058,-6.875228812415063,-30.363084203849734,-11.903332652614164,-26.398438441623398,-16.810797821001405,-3.943224434511194,-5.89233554831616,-0.14342773706005504,0.07430776842568754,-0.15003332630381672,0.051429899169349744,-0.15198888463259028,0.0787464824884431,-0.16634379659540463,0.03562453621754232,2.7153871549399182e-06,0.002490026632756295,2.378488928426921e-09,429.8872472160302,2.072721833693874e-13,812.4552736940713,-0.01968,-6.584,-9.09,-13.17,-18.87,0.0,-21.675,-24.605,0.0,,random_generation,-1.086245149980247,1.1908759900000053e-10,0.46970340954395745,1.0083765773071469e-10,-0.7815573585003693,4.2344623535714275e-11,0.751294193425437,3.16917659692857e-11,-0.560330535884142,7.64632085357144e-12,-0.281751461767065,6.78010627e-12,-0.1893910650291829,4.156041692857141e-13,-0.24118324820002043,9.787776342857147e-13
random_11,True,,,,,,,,,,-24.37246408132155,-10.666182450057136,-14.88766645157455,-18.26475528059241,-24.21018988842502,-19.01640239254571,-16.852854705743127,-5.3917945544160695,-0.2952821741027469,0.05433592346094143,-0.31948397235808684,0.0034119915891012353,-0.3071382363727435,-0.02889933335776948,-0.3094142631611351,-0.11167716413205189,4.194074565072991e-06,0.0010079608895286047,2.2723799691301758e-09,1519.3929002389555,4.765486954983753e-13,1405.9022005277166,-0.01968,-6.584,-9.09,-13.17,-18.87,0.0,-21.675,-24.605,0.0,,random_generation,0.24438252255825332,1.190875990000005e-10,-0.38840976416587936,1.0083765773071471e-10,0.8345458913164223,4.2344623535714275e-11,-0.08842582703459748,3.169176596928571e-11,-0.13947269694781994,7.646320853571433e-12,-0.49144448121649253,6.780106270000002e-12,-0.06577658029796114,4.156041692857142e-13,-0.3164829519396556,9.787776342857145e-13
random_12,True,,,,,,,,,,-14.505526476002359,-10.173738532573068,-17.220885254718343,-14.654901611378179,-27.4117732427612,-30.088145488762123,-11.666766220828057,-4.185735792661156,-0.07116398817424606,0.13448589583785692,-0.09820055595099816,0.09015993799376984,-0.09711365269275815,0.12238876313360146,-0.09383974856892294,0.06751930094139573,8.692036919677643e-07,0.00039592900876757634,1.6792938481494963e-09,433.1754638836977,1.0884194749954515e-12,1534.4594139723415,-0.01968,-6.584,-9.09,-13.17,-18.87,0.0,-21.675,-24.605,0.0,,random_generation,-0.10987398914726607,1.190875990000005e-10,-0.0343341112167631,1.0083765773071471e-10,0.4475833041271048,4.234462353571429e-11,0.45900647060300814,3.16917659692857e-11,-0.4126361384393544,7.646320853571433e-12,-0.31733340498864604,6.78010627e-12,0.08610556125486228,4.156041692857141e-13,-0.19144696966880342,9.787776342857141e-13
random_13,True,,,,,,,,,,-29.963228027080074,-15.116487668830425,-32.84468134792371,-29.250458567912595,-27.64345020591211,-31.008913815245993,-7.116651895375236,-3.540615044244344,-0.3069208166230424,-0.22229641438636413,-0.3441210152824569,-0.1789647776248705,-0.34596480234548543,-0.1700118092120154,-0.35635336621610947,-0.2419972546108219,5.952398581252733e-06,0.0012611083257246499,1.7092640025006381e-09,1351.7199422434112,1.4144346895858753e-14,1548.1806174728583,-0.01968,-6.584,-9.09,-13.17,-18.87,0.0,-21.675,-24.605,0.0,,random_generation,-0.539171138793328,1.190875990000005e-10,-0.3404894904756615,1.0083765773071474e-10,-0.44196774756350615,4.2344623535714314e-11,-0.14575628455907486,3.169176596928569e-11,-0.46445681996857746,7.646320853571434e-12,-0.494582736631668,6.780106269999999e-12,0.40852886162150925,4.156041692857142e-13,-0.2521250797765363,9.787776342857145e-13
random_14,True,,,,,,,,,,-13.362799624328709,-22.800462520298506,-16.568842495532913,-11.665521946571136,-33.342228733239466,-25.437626298782163,-18.362651651649443,-18.354812804105215,-0.004283335800955131,0.11298315846576781,-0.05942781308336409,0.05031444412649793,-0.0673135417157401,-0.0076269067698280625,-0.09532278674351576,-0.10493688786331137,8.18080868417353e-06,0.0004431634162677942,1.027133535819353e-10,144.1747714277825,2.4646364299860514e-13,1493.5688477610454,-0.01968,-6.584,-9.09,-13.17,-18.87,0.0,-21.675,-24.605,0.0,,random_generation,0.07101787854386404,1.190875990000005e-10,-0.1394444601660367,1.0083765773071471e-10,0.5892087002579338,4.234462353571429e-11,-0.12235178027418266,3.16917659692857e-11,-0.5371567058941425,7.646320853571436e-12,-0.5293774959956445,6.780106270000003e-12,-0.07100495588494588,4.1560416928571425e-13,-0.2670176328262034,9.787776342857143e-13
random_15,True,,,,,,,,,,-19.065986981333808,-18.20054470549696,-31.181818544729577,-28.353099058677586,-28.52668603408083,-29.825754388163105,-8.746841456791874,-12.674927021005082,0.010869750730653261,0.15261101912921518,-0.037994251557261466,0.11658356245913498,-0.039879442693777044,0.035267887415000775,-0.0642581259340767,-0.053820659518109985,7.90919339836756e-06,0.0006611553091235667,1.48130009090176e-09,161.6055312579629,7.461217204102039e-13,1549.4928449855388,-0.01968,-6.584,-9.09,-13.17,-18.87,0.0,-21.675,-24.605,0.0,,random_generation,0.0721474224241783,1.1908759900000048e-10,-0.16122461681155417,1.0083765773071469e-10,0.5599301541924139,4.23446235357143e-11,-0.06876372005244358,3.16917659692857e-11,-0.5650498979641916,7.646320853571436e-12,-0.5416210406900612,6.780106270000004e-12,-0.09296203318550597,4.156041692857141e-13,-0.25709586425988556,9.787776342857145e-13
random_16,True,,,,,,,,,,-14.852232505612989,-23.90241776923018,-30.653655258054783,-12.261427015562631,-32.96600756882036,-33.269742706854935,-7.827310652110182,-1.3421200692760245,-0.22391685952254745,0.12147649392266119,-0.2804814419857945,0.006050913999602007,-0.3192535196579059,-0.11835664761530262,-0.35462449771824417,-0.23365608271887503,8.444920250853492e-06,0.0004632290444484684,1.0841529387308356e-09,903.5098687288792,7.503872205198805e-13,1012.8541594211333,-0.01968,-6.584,-9.09,-13.17,-18.87,0.0,-21.675,-24.605,0.0,,random_generation,0.4630961380631888,1.190875990000005e-10,-0.02685673775308419,1.0083765773071475e-10,0.5694684158031409,4.23446235357143e-11,-0.10054315106770625,3.1691765969285706e-11,-0.5946126101127975,7.646320853571436e-12,-0.5535600244730204,6.78010627e-12,-0.06355641413570673,4.156041692857141e-13,-0.307180517560159,9.787776342857145e-13
random_17,True,,,,,,,,,,-15.6089421440132,-21.629469275649175,-34.4347016792016,-32.49324659414694,-31.309180320479904,-30.12584450890603,-11.701310241239256,-1.0228553237234053,-0.3767610897586867,-0.3686905563488824,-0.401678181019974,-0.296627524525059,-0.37401094920367023,-0.20373376055129366,-0.3625313709905862,-0.16860574411279994,5.643038725958789e-07,0.0021154942319620007,2.233966620999231e-09,1425.162530795486,5.4474230334373414e-14,842.4372030491262,-0.01968,-6.584,-9.09,-13.17,-18.87,0.0,-21.675,-24.605,0.0,,random_generation,-0.9929989772554854,1.1908759900000048e-10,-0.27970445607711886,1.0083765773071471e-10,-0.7585832752325596,4.23446235357143e-11,-0.13485799330635903,3.169176596928571e-11,-0.5157574344351408,7.646320853571436e-12,-0.46849864901466154,6.78010627e-12,0.036412051594501935,4.15604169285714e-13,-0.25953255845662493,9.787776342857143e-13
random_18,True,,,,,,,,,,-17.384424173900175,-17.681447920096737,-32.39855748577055,-31.41927530771651,-33.93288521400557,-39.091784041752234,-17.846704904804458,-4.25890825640602,-0.34985793632752793,-0.28332472653485213,-0.39634774941858614,-0.20725731288685925,-0.3845752824747886,-0.1965121720388468,-0.41086147739187084,-0.2469359364926448,5.1700436172658495e-06,0.0022225298805532705,6.592587568713227e-10,1620.1249704113038,7.961757568361403e-14,839.0811998762422,-0.01968,-6.584,-9.09,-13.17,-18.87,0.0,-21.675,-24.605,0.0,,random_generation,-1.000546015442613,1.1908759900000048e-10,-0.1642605733341485,1.008376577307147e-10,-0.7209058822406413,4.234462353571429e-11,-0.016517369888995784,3.16917659692857e-11,-0.540085837819516,7.646320853571434e-12,-0.5141045027339649,6.780106270000002e-12,-0.10966449557224492,4.1560416928571425e-13,-0.29014472292576693,9.787776342857143e-13
random_19,True,,,,,,,,,,-23.524377751783245,-11.217747985597242,-10.152572140920473,-12.284438983233258,-30.389028128931702,-26.5432709284399,-5.969889042653509,-5.418439771102502,-0.39003851411233176,-0.1288032598609999,-0.3911944594864344,-0.15213504134874584,-0.3809212198821922,-0.153023748578196,-0.3844117591264204,-0.15707180667368753,2.168410064092037e-06,0.0017932024382854976,1.4444950603529404e-09,1295.0539484682542,8.578946113740638e-13,449.5046609258655,-0.01968,-6.584,-9.09,-13.17,-18.87,0.0,-21.675,-24.605,0.0,,random_generation,0.2900308615908592,1.1908759900000053e-10,0.019348696080569532,1.0083765773071474e-10,0.21542206406683878,4.2344623535714295e-11,0.1517296212206701,3.16917659692857e-11,-0.5720395372858432,7.646320853571434e-12,-0.4101876684669758,6.780106270000004e-12,-0.10866969899902185,4.1560416928571425e-13,-0.29999377279389156,9.787776342857143e-13
random_20,True,,,,,,,,,,-24.417630723062345,-13.798185532698295,-24.608896907903386,-13.964586172057228,-39.12530515147567,-25.111789805233073,-15.68067342666525,-17.825324113357023,-0.1795579470151406,0.10464567478188541,-0.22194413267060614,0.03835632107529119,-0.2468697718432412,-0.010797173545517789,-0.2810242291131785,-0.14430123928045613,6.047406348355784e-06,0.0026742515003972548,3.9947026067723757e-10,718.0535615353965,1.0523734020330842e-12,1582.566351663661,-0.01968,-6.584,-9.09,-13.17,-18.87,0.0,-21.675,-24.605,0.0,,random_generation,-1.0419408406680495,1.190875990000005e-10,0.04185943471848854,1.0083765773071475e-10,-0.7521731526851603,4.2344623535714295e-11,0.3752942014530038,3.169176596928571e-11,-0.6681263529876259,7.646320853571434e-12,-0.483456706869371,6.780106270000001e-12,-0.15900189500310188,4.1560416928571415e-13,-0.288503382571772,9.787776342857143e-13
random_21,True,,,,,,,,,,-19.18355969781469,-8.280488038290269,-21.707364532015646,-15.725735614684872,-37.321657261968795,-13.628457285129226,-12.835951460993698,-2.2211063518398184,-0.3132433683797853,0.00010227382850667314,-0.34687742515593156,-0.023540403801753738,-0.33316606985271724,-0.06151600420921951,-0.3417384740699456,-0.14770521647731014,4.307043123214464e-06,0.0011250989043197531,3.138286086985141e-09,977.0126610027176,1.0106118623542736e-12,611.2075632771802,-0.01968,-6.584,-9.09,-13.17,-18.87,0.0,-21.675,-24.605,0.0,,random_generation,1.2218549077219398,1.190875990000005e-10,0.3348179186077774,1.0083765773071475e-10,0.9732758207016681,4.2344623535714295e-11,0.5393556532451013,3.1691765969285706e-11,-0.3543032927224134,7.646320853571434e-12,-0.4134860661655595,6.780106269999999e-12,0.0046429386780549396,4.1560416928571415e-13,-0.2749504383425756,9.787776342857145e-13
random_22,True,,,,,,,,,,-15.300221629624762,-29.91901935635254,-17.808767890659905,-16.813388864155428,-27.214261367318485,-39.38756821994658,-10.33242173140579,-12.52269827110446,-0.41696496960688906,-0.16778083738484262,-0.4240096473930018,-0.20143870442709433,-0.4156572451264008,-0.19304978204200426,-0.40962394726866136,-0.20805176049502985,4.945720828595665e-07,0.0014428121152695321,2.361096277686273e-09,1527.5877279192266,1.0661386441853654e-12,49.96307025755095,-0.01968,-6.584,-9.09,-13.17,-18.87,0.0,-21.675,-24.605,0.0,,random_generation,0.5457577828479796,1.1908759900000048e-10,-0.09406332436774038,1.0083765773071471e-10,0.0306184457038965,4.23446235357143e-11,0.020701801362047162,3.169176596928569e-11,-0.5728512958465574,7.646320853571434e-12,-0.4379931221437321,6.780106270000001e-12,0.07362594500547769,4.156041692857141e-13,-0.2545892485783183,9.787776342857143e-13
random_23,True,,,,,,,,,,-19.297719084859978,-17.919602963402816,-22.420091693263057,-11.850301078456098,-30.461873269859844,-35.584252182565926,-14.877708091750275,-3.105394702864718,-0.16468592925551054,0.013863964749390336,-0.18645787011878945,0.0065952878349746745,-0.18096677379076254,0.04128654200425296,-0.1949392903171227,0.008995966827812767,1.025519653778429e-06,0.002184133609955404,2.139223073432441e-09,612.2671082867959,2.696773420953048e-13,1375.2749539709714,-0.01968,-6.584,-9.09,-13.17,-18.87,0.0,-21.675,-24.605,0.0,,random_generation,-1.0403550795804575,1.1908759900000045e-10,0.03198671024520788,1.008376577307147e-10,-0.6735398144406066,4.234462353571429e-11,0.5002496084419513,3.1691765969285706e-11,-0.5438506598561641,7.646320853571434e-12,-0.2915144697170538,6.780106270000003e-12,-0.1161114270061998,4.156041692857142e-13,-0.22483431151630084,9.787776342857145e-13
random_24,True,,,,,,,,,,-20.905207176704543,-22.14489898696356,-22.27045903266877,-14.184579677257187,-18.369339657334667,-39.606089326931254,-0.7056694776361603,-9.317300951519622,0.00769957675198467,0.1148452761667473,-0.026407607846911315,0.10531793273716854,0.013141988917515007,0.15974522039727806,0.01531829855365037,0.10475535555571021,4.81867821072484e-06,0.0017791971533288342,2.82792930791451e-09,210.05747176922725,1.9564985432380955e-13,1409.1086613501636,-0.01968,-6.584,-9.09,-13.17,-18.87,0.0,-21.675,-24.605,0.0,,random_generation,-0.5213142538000894,1.1908759900000053e-10,-0.08748783935033709,1.0083765773071474e-10,-0.022723009389137284,4.2344623535714275e-11,0.3080568923496273,3.16917659692857e-11,-0.44634316928468826,7.646320853571434e-12,-0.4583224142958697,6.780106270000003e-12,-0.13006005118906724,4.1560416928571425e-13,-0.2679771399694781,9.787776342857143e-13
random_25,True,,,,,,,,,,-25.196238841683076,-6.643236084570827,-14.80864929109389,-32.65990143787929,-22.597186022948957,-35.93603925337525,-14.61344606911528,-16.25088814523462,-0.4290839596206423,-0.2229587787285868,-0.43599508753457017,-0.20087233818254954,-0.4261712166938743,-0.2174739765266635,-0.4399492720939797,-0.2564054932474846,4.759138249667865e-06,0.0024829757659767977,1.6980625555648609e-09,1237.4436217208952,1.7063951460047576e-13,400.4198038098713,-0.01968,-6.584,-9.09,-13.17,-18.87,0.0,-21.675,-24.605,0.0,,random_generation,-0.8579407798592165,1.190875990000005e-10,-0.0059446376767497,1.0083765773071469e-10,-0.6651446843373011,4.2344623535714295e-11,0.030447514681575024,3.16917659692857e-11,-0.5983818335528858,7.646320853571436e-12,-0.5148341053723834,6.780106270000003e-12,-0.16851058177112957,4.156041692857141e-13,-0.2956791370285757,9.787776342857145e-13
random_26,True,,,,,,,,,,-19.675224112143805,-9.378728120218192,-10.694395712605015,-31.802434325431534,-16.585279495755216,-29.707286478380368,-14.031577327247877,-3.771502591365758,-0.2978301887414092,0.004230403996346292,-0.3268345097898251,-0.06297755183020953,-0.3658593645301613,-0.2001468242504688,-0.398439639826436,-0.3254887768915893,8.840602858943122e-06,0.0013264840521197982,1.7565570685873482e-10,724.7203703592669,6.632093455113095e-13,366.3289970325751,-0.01968,-6.584,-9.09,-13.17,-18.87,0.0,-21.675,-24.605,0.0,,random_generation,1.2090259875024552,1.190875990000005e-10,0.7818469255675414,1.0083765773071468e-10,0.41610530159759607,4.2344623535714295e-11,0.45885186051835025,3.1691765969285706e-11,-0.6484247699387455,7.646320853571436e-12,-0.4720181944029483,6.780106270000002e-12,-0.12215164139608099,4.1560416928571435e-13,-0.3142022386131813,9.787776342857145e-13
random_27,True,,,,,,,,,,-23.283962326525494,-11.45964021048158,-15.786922381810285,-20.862003651906477,-36.98761590280284,-38.88006326780179,-4.6494481558672085,-16.98588091678572,-0.36255534409961776,-0.08813876803209149,-0.406570268246864,-0.14665041840105306,-0.41867505925429804,-0.23236550883657192,-0.4494653298004428,-0.3450557171497565,6.669734776432597e-06,0.002642067269011799,1.3122328679811786e-10,1232.9183049413202,4.2277919652457247e-13,673.9939210906894,-0.01968,-6.584,-9.09,-13.17,-18.87,0.0,-21.675,-24.605,0.0,,random_generation,-0.7698901052725577,1.190875990000005e-10,0.10940583283134485,1.0083765773071471e-10,-0.6252424480409828,4.234462353571429e-11,0.09389895164551777,3.16917659692857e-11,-0.6684392112300982,7.646320853571434e-12,-0.5360472407782795,6.780106270000001e-12,-0.15773397960744087,4.1560416928571415e-13,-0.3008147126748584,9.787776342857141e-13
random_28,True,,,,,,,,,,-26.80347008836815,-20.121218695810416,-9.908195622896464,-27.183416583951917,-14.634734113386347,-34.59371915233369,-3.2368769863810787,-4.009557711664476,-0.32555548315417154,-0.07146246298937141,-0.34526884590230233,-0.07034713423364637,-0.33209812206104616,-0.07351428078744708,-0.33270483606929735,-0.12063968243941277,1.6061088178542176e-06,0.0005171620041208936,1.5415571840611103e-09,806.5240558272844,2.378916068691696e-13,170.94961351971534,-0.01968,-6.584,-9.09,-13.17,-18.87,0.0,-21.675,-24.605,0.0,,random_generation,0.772360547498553,1.190875990000005e-10,0.5141213564541383,1.008376577307147e-10,0.30948269806392853,4.234462353571427e-11,0.682868450205678,3.16917659692857e-11,-0.4432367871575267,7.646320853571434e-12,-0.29890449023350096,6.780106270000001e-12,-0.03861059942895725,4.156041692857141e-13,-0.2880683854019127,9.787776342857141e-13
random_29,True,,,,,,,,,,-26.362307175542863,-14.036633057123492,-25.006040396828134,-15.317235348233183,-34.06288722752522,-13.708693216293252,-9.481165127775434,-12.931381515378042,-0.05189251581616088,0.03446867608472697,-0.06268867994553383,-0.02047703279923196,-0.03836664152653528,0.07965178335641904,-0.02663805798686928,0.09565455562560374,6.217891159905766e-07,0.000623032522737074,1.5611782305271324e-09,253.5775084067703,2.0277700733606273e-13,1027.1388558519961,-0.01968,-6.584,-9.09,-13.17,-18.87,0.0,-21.675,-24.605,0.0,,random_generation,0.013761211360972725,1.190875990000005e-10,0.06937506697722362,1.0083765773071474e-10,0.4831492551465132,4.234462353571429e-11,0.4711522945227793,3.16917659692857e-11,-0.2874643981916262,7.646320853571434e-12,-0.30653907501934635,6.78010627e-12,-0.02599232754380478,4.1560416928571415e-13,-0.2058462971543002,9.787776342857143e-13
random_30,True,,,,,,,,,,-9.116205500010523,-10.820354636620582,-26.994752356315423,-21.66680166872597,-25.341704747508444,-20.87902961436062,-14.652895361000787,-1.127933585892766,-0.3822506070230023,-0.10591963993395054,-0.428575202711209,-0.20704723936810837,-0.4506196009749744,-0.3146986246564111,-0.4910853637337278,-0.38796302056335175,9.095896736005801e-06,0.0017628303063137048,2.0013678059689914e-09,1188.955880697893,6.309316940579538e-13,310.1286244765261,-0.01968,-6.584,-9.09,-13.17,-18.87,0.0,-21.675,-24.605,0.0,,random_generation,0.32848539003772437,1.1908759900000048e-10,0.1361185591508288,1.0083765773071471e-10,-0.13067040290364046,4.2344623535714295e-11,-0.020956415518026943,3.1691765969285706e-11,-0.6439284738036067,7.646320853571433e-12,-0.5408659979239063,6.780106269999998e-12,-0.13049344230354287,4.156041692857142e-13,-0.3166848040444603,9.787776342857143e-13
